tau,criterion,thresh,fp,tp,fn,precision,recall,accuracy,f1,n_true,n_pred,mean_true_score,mean_matched_score,panoptic_quality,by_image
0.1,iou,0.1,1774,5007,1107,0.738386668632945,0.8189401373895977,0.634761663286004,0.776580069794494,6114,6781,0.5599591969897788,0.683760840901839,0.530995041550292,False
0.2,iou,0.2,1843,4938,1176,0.7282111782922873,0.8076545632973503,0.6205856478572326,0.7658782473827065,6114,6781,0.5581867179334027,0.6911206143063637,0.5293142448150173,False
0.3,iou,0.3,1986,4795,1319,0.7071228432384604,0.7842656198887799,0.5919753086419753,0.7436991081814657,6114,6781,0.5521845008019025,0.7040784229202987,0.523622495215639,False
0.4,iou,0.4,2238,4543,1571,0.6699601828638844,0.743048740595355,0.5439415708812261,0.7046141915471112,6114,6781,0.537566900331287,0.723461155321481,0.5097609970725845,False
0.5,iou,0.5,2634,4147,1967,0.6115617165609792,0.6782793588485443,0.4740512117055327,0.6431950368359829,6114,6781,0.5081944588863034,0.749240636998037,0.48190785911296774,False
0.6,iou,0.6,3055,3726,2388,0.5494764783955168,0.6094210009813543,0.4063692878176464,0.5778984102365258,6114,6781,0.47018998956851876,0.7715355867476983,0.44586918902239997,False
0.7,iou,0.7,3765,3016,3098,0.444772157498894,0.49329407916257767,0.3052940581030469,0.4677782086079876,6114,6781,0.3940608967040776,0.7988356506792873,0.37367790964695313,False
0.8,iou,0.8,5289,1492,4622,0.2200265447574104,0.24403009486424598,0.1308427606770148,0.23140752229546335,6114,6781,0.205915658973891,0.8438125596289341,0.19526457370552455,False
0.9,iou,0.9,6702,79,6035,0.011650199085680579,0.012921164540399084,0.006164169787765294,0.012252811167119038,6114,6781,0.011821684228621319,0.9149085743517815,0.011210201996710467,False
